{"cameraMode":{"drawMode":0,"name":"Shaded","section":"Shading Mode"},"sceneLighting":true,"audioPlay":false,"sceneViewState":{"showFog":true,"showMaterialUpdate":false,"showSkybox":true,"showFlares":true,"showImageEffects":true,"showParticleSystems":true},"in2DMode":false,"pivot":{"x":-5.025835037231445,"y":0.33655452728271487,"z":-3.8337478637695314},"rotation":{"x":-0.020053746178746225,"y":0.9237326383590698,"z":-0.04882743954658508,"w":-0.37938085198402407},"size":44.00888442993164,"orthographic":false}